phase,command,order_id,symbol,price,size,action,order_type,uid
FILL,PLACE_ORDER,1,40000,34386,1,BID,GTC,11
FILL,PLACE_ORDER,2,40000,34135,1,BID,GTC,2
FILL,PLACE_ORDER,3,40000,34347,2,BID,GTC,13
FILL,PLACE_ORDER,4,40000,34150,9,BID,GTC,38
FILL,PLACE_ORDER,5,40000,34152,13,BID,GTC,50
FILL,PLACE_ORDER,6,40000,34391,76,ASK,GTC,30
FILL,PLACE_ORDER,7,40000,34253,7,BID,GTC,8
FILL,PLACE_ORDER,8,40000,34342,25,BID,GTC,29
FILL,PLACE_ORDER,9,40000,34621,1,ASK,GTC,36
FILL,PLACE_ORDER,10,40000,34971,16,ASK,GTC,39
FILL,PLACE_ORDER,11,40000,34387,65,BID,GTC,27
FILL,PLACE_ORDER,12,40000,34028,46,BID,GTC,26
FILL,PLACE_ORDER,13,40000,34490,3,ASK,GTC,34
FILL,PLACE_ORDER,14,40000,34435,1,ASK,GTC,23
FILL,PLACE_ORDER,15,40000,34286,1,BID,GTC,21
FILL,PLACE_ORDER,16,40000,34356,31,BID,GTC,14
FILL,PLACE_ORDER,17,40000,34377,51,BID,GTC,49
FILL,PLACE_ORDER,18,40000,34389,1,BID,GTC,4
FILL,PLACE_ORDER,19,40000,34381,126,BID,GTC,20
FILL,PLACE_ORDER,20,40000,34297,1,BID,GTC,50
FILL,PLACE_ORDER,21,40000,34576,17,ASK,GTC,22
FILL,PLACE_ORDER,22,40000,34303,3,BID,GTC,33
FILL,PLACE_ORDER,23,40000,34551,61,ASK,GTC,6
FILL,PLACE_ORDER,24,40000,34446,3,ASK,GTC,6
FILL,PLACE_ORDER,25,40000,34391,1,ASK,GTC,47
FILL,PLACE_ORDER,26,40000,34066,31,BID,GTC,16
FILL,PLACE_ORDER,27,40000,34400,1,ASK,GTC,25
FILL,PLACE_ORDER,28,40000,34388,9,BID,GTC,8
FILL,PLACE_ORDER,29,40000,34473,76,ASK,GTC,39
FILL,PLACE_ORDER,30,40000,34382,1,BID,GTC,24
FILL,PLACE_ORDER,31,40000,34172,5,BID,GTC,18
FILL,PLACE_ORDER,32,40000,34340,61,BID,GTC,4
FILL,PLACE_ORDER,33,40000,34375,13,BID,GTC,29
FILL,PLACE_ORDER,34,40000,33843,1,BID,GTC,2
FILL,PLACE_ORDER,35,40000,34451,33,ASK,GTC,12
FILL,PLACE_ORDER,36,40000,34403,1,ASK,GTC,35
FILL,PLACE_ORDER,37,40000,34547,1,ASK,GTC,23
FILL,PLACE_ORDER,38,40000,34613,41,ASK,GTC,38
FILL,PLACE_ORDER,39,40000,34386,31,BID,GTC,29
FILL,PLACE_ORDER,40,40000,34364,25,BID,GTC,9
FILL,PLACE_ORDER,41,40000,34671,1,ASK,GTC,32
FILL,PLACE_ORDER,42,40000,33628,101,BID,GTC,18
FILL,PLACE_ORDER,43,40000,34545,25,ASK,GTC,18
FILL,PLACE_ORDER,44,40000,34988,31,ASK,GTC,34
FILL,PLACE_ORDER,45,40000,34278,1,BID,GTC,5
FILL,PLACE_ORDER,46,40000,34322,1,BID,GTC,47
FILL,PLACE_ORDER,47,40000,34410,1,ASK,GTC,25
FILL,PLACE_ORDER,48,40000,34397,1,ASK,GTC,10
FILL,PLACE_ORDER,49,40000,34548,1,ASK,GTC,16
FILL,PLACE_ORDER,50,40000,34449,9,ASK,GTC,5
FILL,PLACE_ORDER,51,40000,34242,1,BID,GTC,45
FILL,PLACE_ORDER,52,40000,34665,37,ASK,GTC,28
FILL,PLACE_ORDER,53,40000,34948,31,ASK,GTC,47
FILL,PLACE_ORDER,54,40000,34388,1,BID,GTC,2
FILL,PLACE_ORDER,55,40000,34512,31,ASK,GTC,5
FILL,PLACE_ORDER,56,40000,34055,49,BID,GTC,21
FILL,PLACE_ORDER,57,40000,34374,1,BID,GTC,48
FILL,PLACE_ORDER,58,40000,34389,1,BID,GTC,14
FILL,PLACE_ORDER,59,40000,34285,4,BID,GTC,31
FILL,PLACE_ORDER,60,40000,34401,4,ASK,GTC,31
FILL,PLACE_ORDER,61,40000,34328,1,BID,GTC,3
FILL,PLACE_ORDER,62,40000,34484,1,ASK,GTC,44
FILL,PLACE_ORDER,63,40000,34436,65,ASK,GTC,25
FILL,PLACE_ORDER,64,40000,34392,1,ASK,GTC,23
FILL,PLACE_ORDER,65,40000,33945,1,BID,GTC,47
FILL,PLACE_ORDER,66,40000,34471,1,ASK,GTC,16
FILL,PLACE_ORDER,67,40000,34600,17,ASK,GTC,28
FILL,PLACE_ORDER,68,40000,34438,21,ASK,GTC,32
FILL,PLACE_ORDER,69,40000,34508,81,ASK,GTC,40
FILL,PLACE_ORDER,70,40000,34170,1,BID,GTC,46
FILL,PLACE_ORDER,71,40000,34405,1,ASK,GTC,5
FILL,PLACE_ORDER,72,40000,34288,1,BID,GTC,17
FILL,PLACE_ORDER,73,40000,34686,1,ASK,GTC,32
FILL,PLACE_ORDER,74,40000,34492,76,ASK,GTC,17
FILL,PLACE_ORDER,75,40000,34146,1,BID,GTC,38
FILL,PLACE_ORDER,76,40000,34390,1,BID,GTC,5
FILL,PLACE_ORDER,77,40000,34496,19,ASK,GTC,3
FILL,PLACE_ORDER,78,40000,34356,1,BID,GTC,19
FILL,PLACE_ORDER,79,40000,34568,1,ASK,GTC,21
FILL,PLACE_ORDER,80,40000,34290,33,BID,GTC,17
FILL,PLACE_ORDER,81,40000,33984,13,BID,GTC,48
FILL,PLACE_ORDER,82,40000,34464,1,ASK,GTC,31
FILL,PLACE_ORDER,83,40000,34672,1,ASK,GTC,34
FILL,PLACE_ORDER,84,40000,34412,7,ASK,GTC,16
FILL,PLACE_ORDER,85,40000,34404,17,ASK,GTC,46
FILL,PLACE_ORDER,86,40000,34387,19,BID,GTC,22
FILL,PLACE_ORDER,87,40000,34389,1,BID,GTC,3
FILL,PLACE_ORDER,88,40000,34447,126,ASK,GTC,5
FILL,PLACE_ORDER,89,40000,34137,25,BID,GTC,49
FILL,PLACE_ORDER,90,40000,34480,1,ASK,GTC,33
FILL,PLACE_ORDER,91,40000,34520,1,ASK,GTC,40
FILL,PLACE_ORDER,92,40000,34378,1,BID,GTC,33
FILL,PLACE_ORDER,93,40000,34476,6,ASK,GTC,31
FILL,PLACE_ORDER,94,40000,34107,51,BID,GTC,15
FILL,PLACE_ORDER,95,40000,34352,9,BID,GTC,48
FILL,PLACE_ORDER,96,40000,34399,21,ASK,GTC,25
FILL,PLACE_ORDER,97,40000,34390,1,ASK,GTC,10
FILL,PLACE_ORDER,98,40000,34443,46,ASK,GTC,41
FILL,PLACE_ORDER,99,40000,34508,1,ASK,GTC,22
FILL,PLACE_ORDER,100,40000,34390,1,ASK,GTC,8
BENCHMARK,PLACE_ORDER,101,40000,34170,16,BID,GTC,11
BENCHMARK,PLACE_ORDER,102,40000,34388,1,BID,GTC,27
BENCHMARK,MOVE_ORDER,27,40000,34399,0,ASK,null,25
BENCHMARK,MOVE_ORDER,69,40000,34506,0,ASK,null,40
BENCHMARK,MOVE_ORDER,71,40000,34404,0,ASK,null,5
BENCHMARK,MOVE_ORDER,48,40000,34396,0,ASK,null,10
BENCHMARK,MOVE_ORDER,27,40000,34398,0,ASK,null,25
BENCHMARK,MOVE_ORDER,5,40000,34155,0,BID,null,50
BENCHMARK,MOVE_ORDER,3,40000,34348,0,BID,null,13
BENCHMARK,MOVE_ORDER,22,40000,34304,0,BID,null,33
BENCHMARK,MOVE_ORDER,15,40000,34288,0,BID,null,21
BENCHMARK,MOVE_ORDER,28,40000,34389,0,BID,null,8
BENCHMARK,MOVE_ORDER,90,40000,34479,0,ASK,null,33
BENCHMARK,MOVE_ORDER,81,40000,33989,0,BID,null,48
BENCHMARK,MOVE_ORDER,25,40000,34390,0,ASK,null,47
BENCHMARK,MOVE_ORDER,17,40000,34378,0,BID,null,49
BENCHMARK,MOVE_ORDER,28,40000,34390,0,BID,null,8
BENCHMARK,MOVE_ORDER,45,40000,34280,0,BID,null,5
BENCHMARK,MOVE_ORDER,60,40000,34400,0,ASK,null,31
BENCHMARK,MOVE_ORDER,81,40000,33994,0,BID,null,48
BENCHMARK,MOVE_ORDER,49,40000,34546,0,ASK,null,16
BENCHMARK,MOVE_ORDER,34,40000,33849,0,BID,null,2
BENCHMARK,MOVE_ORDER,67,40000,34597,0,ASK,null,28
BENCHMARK,MOVE_ORDER,85,40000,34403,0,ASK,null,46
BENCHMARK,MOVE_ORDER,90,40000,34478,0,ASK,null,33
BENCHMARK,MOVE_ORDER,46,40000,34323,0,BID,null,47
BENCHMARK,MOVE_ORDER,94,40000,34110,0,BID,null,15
BENCHMARK,PLACE_ORDER,103,40000,25795,49,ASK,IOC,36
BENCHMARK,MOVE_ORDER,77,40000,34494,0,ASK,null,3
BENCHMARK,MOVE_ORDER,67,40000,34594,0,ASK,null,28
BENCHMARK,CANCEL_ORDER,78,40000,0,0,BID,null,19
BENCHMARK,MOVE_ORDER,53,40000,34942,0,ASK,null,47
BENCHMARK,MOVE_ORDER,45,40000,34282,0,BID,null,5
BENCHMARK,PLACE_ORDER,104,40000,25795,25,ASK,IOC,17
BENCHMARK,MOVE_ORDER,101,40000,34173,0,BID,null,11
BENCHMARK,MOVE_ORDER,21,40000,34574,0,ASK,null,22
BENCHMARK,MOVE_ORDER,38,40000,34610,0,ASK,null,38
BENCHMARK,MOVE_ORDER,59,40000,34287,0,BID,null,31
BENCHMARK,MOVE_ORDER,29,40000,34472,0,ASK,null,39
BENCHMARK,MOVE_ORDER,19,40000,34382,0,BID,null,20
BENCHMARK,MOVE_ORDER,79,40000,34566,0,ASK,null,21
BENCHMARK,MOVE_ORDER,77,40000,34492,0,ASK,null,3
BENCHMARK,MOVE_ORDER,2,40000,34138,0,BID,null,2
BENCHMARK,MOVE_ORDER,26,40000,34070,0,BID,null,16
BENCHMARK,MOVE_ORDER,80,40000,34291,0,BID,null,17
BENCHMARK,MOVE_ORDER,34,40000,33855,0,BID,null,2
BENCHMARK,CANCEL_ORDER,71,40000,0,0,ASK,null,5
BENCHMARK,MOVE_ORDER,48,40000,34395,0,ASK,null,10
BENCHMARK,MOVE_ORDER,92,40000,34379,0,BID,null,33
BENCHMARK,MOVE_ORDER,94,40000,34113,0,BID,null,15
BENCHMARK,MOVE_ORDER,50,40000,34448,0,ASK,null,5
BENCHMARK,MOVE_ORDER,1,40000,34387,0,BID,null,11
BENCHMARK,MOVE_ORDER,85,40000,34402,0,ASK,null,46
BENCHMARK,MOVE_ORDER,98,40000,34442,0,ASK,null,41
BENCHMARK,MOVE_ORDER,16,40000,34357,0,BID,null,14
BENCHMARK,MOVE_ORDER,36,40000,34402,0,ASK,null,35
BENCHMARK,MOVE_ORDER,93,40000,34475,0,ASK,null,31
BENCHMARK,MOVE_ORDER,88,40000,34446,0,ASK,null,5
BENCHMARK,MOVE_ORDER,2,40000,34141,0,BID,null,2
BENCHMARK,MOVE_ORDER,26,40000,34074,0,BID,null,16
BENCHMARK,MOVE_ORDER,19,40000,34383,0,BID,null,20
BENCHMARK,MOVE_ORDER,80,40000,34292,0,BID,null,17
BENCHMARK,MOVE_ORDER,41,40000,34668,0,ASK,null,32
BENCHMARK,MOVE_ORDER,94,40000,34116,0,BID,null,15
BENCHMARK,MOVE_ORDER,26,40000,34078,0,BID,null,16
BENCHMARK,MOVE_ORDER,41,40000,34665,0,ASK,null,32
BENCHMARK,MOVE_ORDER,38,40000,34607,0,ASK,null,38
BENCHMARK,MOVE_ORDER,99,40000,34506,0,ASK,null,22
BENCHMARK,MOVE_ORDER,74,40000,34490,0,ASK,null,17
BENCHMARK,MOVE_ORDER,10,40000,34965,0,ASK,null,39
BENCHMARK,MOVE_ORDER,30,40000,34383,0,BID,null,24
BENCHMARK,MOVE_ORDER,82,40000,34463,0,ASK,null,31
BENCHMARK,MOVE_ORDER,80,40000,34293,0,BID,null,17
BENCHMARK,MOVE_ORDER,45,40000,34284,0,BID,null,5
BENCHMARK,MOVE_ORDER,32,40000,34341,0,BID,null,4
BENCHMARK,MOVE_ORDER,45,40000,34286,0,BID,null,5
BENCHMARK,MOVE_ORDER,57,40000,34375,0,BID,null,48
BENCHMARK,MOVE_ORDER,77,40000,34490,0,ASK,null,3
BENCHMARK,MOVE_ORDER,52,40000,34662,0,ASK,null,28
BENCHMARK,PLACE_ORDER,105,40000,42985,1,BID,IOC,41
BENCHMARK,MOVE_ORDER,80,40000,34294,0,BID,null,17
BENCHMARK,MOVE_ORDER,23,40000,34549,0,ASK,null,6
BENCHMARK,MOVE_ORDER,56,40000,34059,0,BID,null,21
BENCHMARK,REDUCE_ORDER,88,40000,0,69,ASK,null,5
BENCHMARK,MOVE_ORDER,81,40000,33998,0,BID,null,48
BENCHMARK,MOVE_ORDER,15,40000,34290,0,BID,null,21
BENCHMARK,PLACE_ORDER,106,40000,25795,1,ASK,IOC,36
BENCHMARK,MOVE_ORDER,41,40000,34662,0,ASK,null,32
BENCHMARK,MOVE_ORDER,9,40000,34618,0,ASK,null,36
BENCHMARK,MOVE_ORDER,45,40000,34288,0,BID,null,5
BENCHMARK,MOVE_ORDER,62,40000,34483,0,ASK,null,44
BENCHMARK,PLACE_ORDER,107,40000,25795,37,ASK,IOC,31
BENCHMARK,MOVE_ORDER,44,40000,34981,0,ASK,null,34
BENCHMARK,MOVE_ORDER,17,40000,34379,0,BID,null,49
BENCHMARK,MOVE_ORDER,35,40000,34450,0,ASK,null,12
BENCHMARK,MOVE_ORDER,95,40000,34353,0,BID,null,48
BENCHMARK,MOVE_ORDER,96,40000,34398,0,ASK,null,25
BENCHMARK,MOVE_ORDER,85,40000,34401,0,ASK,null,46
BENCHMARK,CANCEL_ORDER,14,40000,0,0,ASK,null,23
BENCHMARK,MOVE_ORDER,94,40000,34119,0,BID,null,15
BENCHMARK,MOVE_ORDER,5,40000,34158,0,BID,null,50
BENCHMARK,MOVE_ORDER,90,40000,34477,0,ASK,null,33
BENCHMARK,MOVE_ORDER,4,40000,34153,0,BID,null,38
BENCHMARK,CANCEL_ORDER,20,40000,0,0,BID,null,50
BENCHMARK,MOVE_ORDER,41,40000,34659,0,ASK,null,32
BENCHMARK,MOVE_ORDER,16,40000,34358,0,BID,null,14
BENCHMARK,MOVE_ORDER,29,40000,34471,0,ASK,null,39
BENCHMARK,PLACE_ORDER,108,40000,34385,6,BID,GTC,30
BENCHMARK,MOVE_ORDER,3,40000,34349,0,BID,null,13
BENCHMARK,CANCEL_ORDER,93,40000,0,0,ASK,null,31
BENCHMARK,MOVE_ORDER,75,40000,34149,0,BID,null,38
BENCHMARK,MOVE_ORDER,12,40000,34032,0,BID,null,26
BENCHMARK,MOVE_ORDER,17,40000,34380,0,BID,null,49
BENCHMARK,MOVE_ORDER,37,40000,34545,0,ASK,null,23
BENCHMARK,PLACE_ORDER,109,40000,34989,1,ASK,GTC,3
BENCHMARK,MOVE_ORDER,34,40000,33861,0,BID,null,2
BENCHMARK,REDUCE_ORDER,68,40000,0,21,ASK,null,32
BENCHMARK,MOVE_ORDER,7,40000,34255,0,BID,null,8
BENCHMARK,REDUCE_ORDER,90,40000,0,1,ASK,null,33
BENCHMARK,PLACE_ORDER,110,40000,34377,2,BID,GTC,38
BENCHMARK,PLACE_ORDER,111,40000,34459,7,ASK,GTC,12
BENCHMARK,CANCEL_ORDER,96,40000,0,0,ASK,null,25
BENCHMARK,CANCEL_ORDER,30,40000,0,0,BID,null,24
BENCHMARK,MOVE_ORDER,37,40000,34543,0,ASK,null,23
BENCHMARK,MOVE_ORDER,6,40000,34390,0,ASK,null,30
BENCHMARK,MOVE_ORDER,108,40000,34386,0,BID,null,30
BENCHMARK,MOVE_ORDER,33,40000,34376,0,BID,null,29
BENCHMARK,PLACE_ORDER,112,40000,34066,6,BID,GTC,16
BENCHMARK,MOVE_ORDER,23,40000,34547,0,ASK,null,6
BENCHMARK,CANCEL_ORDER,60,40000,0,0,ASK,null,31
BENCHMARK,REDUCE_ORDER,43,40000,0,21,ASK,null,18
BENCHMARK,MOVE_ORDER,40,40000,34365,0,BID,null,9
BENCHMARK,PLACE_ORDER,113,40000,34366,1,BID,GTC,16
BENCHMARK,MOVE_ORDER,32,40000,34342,0,BID,null,4
BENCHMARK,MOVE_ORDER,8,40000,34343,0,BID,null,29
BENCHMARK,MOVE_ORDER,43,40000,34543,0,ASK,null,18
BENCHMARK,MOVE_ORDER,22,40000,34305,0,BID,null,33
BENCHMARK,MOVE_ORDER,88,40000,34445,0,ASK,null,5
BENCHMARK,MOVE_ORDER,48,40000,34394,0,ASK,null,10
BENCHMARK,MOVE_ORDER,63,40000,34435,0,ASK,null,25
BENCHMARK,REDUCE_ORDER,21,40000,0,2,ASK,null,22
BENCHMARK,PLACE_ORDER,114,40000,34355,31,BID,GTC,27
BENCHMARK,CANCEL_ORDER,91,40000,0,0,ASK,null,40
BENCHMARK,MOVE_ORDER,84,40000,34411,0,ASK,null,16
BENCHMARK,MOVE_ORDER,75,40000,34152,0,BID,null,38
BENCHMARK,PLACE_ORDER,115,40000,34382,1,BID,GTC,14
BENCHMARK,MOVE_ORDER,55,40000,34510,0,ASK,null,5
BENCHMARK,PLACE_ORDER,116,40000,33426,1,BID,GTC,33
BENCHMARK,MOVE_ORDER,12,40000,34036,0,BID,null,26
BENCHMARK,MOVE_ORDER,69,40000,34504,0,ASK,null,40
BENCHMARK,MOVE_ORDER,85,40000,34400,0,ASK,null,46
BENCHMARK,PLACE_ORDER,117,40000,34278,1,BID,GTC,43
BENCHMARK,MOVE_ORDER,31,40000,34175,0,BID,null,18
BENCHMARK,MOVE_ORDER,94,40000,34122,0,BID,null,15
BENCHMARK,MOVE_ORDER,82,40000,34462,0,ASK,null,31
BENCHMARK,REDUCE_ORDER,114,40000,0,5,BID,null,27
BENCHMARK,PLACE_ORDER,118,40000,33909,61,BID,GTC,10
BENCHMARK,MOVE_ORDER,98,40000,34441,0,ASK,null,41
BENCHMARK,PLACE_ORDER,119,40000,34473,33,ASK,GTC,50
BENCHMARK,MOVE_ORDER,56,40000,34063,0,BID,null,21
BENCHMARK,MOVE_ORDER,79,40000,34564,0,ASK,null,21
BENCHMARK,REDUCE_ORDER,85,40000,0,12,ASK,null,46
BENCHMARK,MOVE_ORDER,99,40000,34504,0,ASK,null,22
BENCHMARK,MOVE_ORDER,42,40000,33636,0,BID,null,18
BENCHMARK,PLACE_ORDER,120,40000,34648,3,ASK,GTC,11
BENCHMARK,MOVE_ORDER,45,40000,34289,0,BID,null,5
BENCHMARK,MOVE_ORDER,120,40000,34645,0,ASK,null,11
BENCHMARK,MOVE_ORDER,24,40000,34445,0,ASK,null,6
BENCHMARK,MOVE_ORDER,29,40000,34470,0,ASK,null,39
BENCHMARK,MOVE_ORDER,95,40000,34354,0,BID,null,48
BENCHMARK,CANCEL_ORDER,115,40000,0,0,BID,null,14
BENCHMARK,MOVE_ORDER,119,40000,34472,0,ASK,null,50
BENCHMARK,MOVE_ORDER,73,40000,34683,0,ASK,null,32
BENCHMARK,PLACE_ORDER,121,40000,34390,21,ASK,GTC,47
BENCHMARK,MOVE_ORDER,35,40000,34449,0,ASK,null,12
BENCHMARK,MOVE_ORDER,44,40000,34975,0,ASK,null,34
BENCHMARK,MOVE_ORDER,59,40000,34288,0,BID,null,31
BENCHMARK,MOVE_ORDER,117,40000,34280,0,BID,null,43
BENCHMARK,MOVE_ORDER,46,40000,34324,0,BID,null,47
BENCHMARK,PLACE_ORDER,122,40000,34389,1,ASK,GTC,50
BENCHMARK,PLACE_ORDER,123,40000,34502,61,ASK,GTC,36
BENCHMARK,PLACE_ORDER,124,40000,34286,11,BID,GTC,4
BENCHMARK,PLACE_ORDER,125,40000,33738,9,BID,GTC,4
BENCHMARK,MOVE_ORDER,6,40000,34389,0,ASK,null,30
BENCHMARK,CANCEL_ORDER,32,40000,0,0,BID,null,4
BENCHMARK,PLACE_ORDER,126,40000,34462,17,ASK,GTC,32
BENCHMARK,PLACE_ORDER,127,40000,34445,13,ASK,GTC,48
BENCHMARK,CANCEL_ORDER,81,40000,0,0,BID,null,48
BENCHMARK,REDUCE_ORDER,46,40000,0,1,BID,null,47
BENCHMARK,MOVE_ORDER,50,40000,34447,0,ASK,null,5
BENCHMARK,MOVE_ORDER,88,40000,34444,0,ASK,null,5
BENCHMARK,MOVE_ORDER,39,40000,34385,0,BID,null,29
BENCHMARK,CANCEL_ORDER,29,40000,0,0,ASK,null,39
BENCHMARK,PLACE_ORDER,128,40000,34324,101,BID,GTC,18
BENCHMARK,MOVE_ORDER,12,40000,34040,0,BID,null,26
BENCHMARK,MOVE_ORDER,23,40000,34545,0,ASK,null,6
BENCHMARK,MOVE_ORDER,114,40000,34356,0,BID,null,27
BENCHMARK,PLACE_ORDER,129,40000,34623,1,ASK,GTC,15
BENCHMARK,MOVE_ORDER,44,40000,34969,0,ASK,null,34
BENCHMARK,MOVE_ORDER,24,40000,34444,0,ASK,null,6
BENCHMARK,MOVE_ORDER,99,40000,34502,0,ASK,null,22
BENCHMARK,PLACE_ORDER,130,40000,34389,21,ASK,GTC,16
BENCHMARK,REDUCE_ORDER,42,40000,0,14,BID,null,18
BENCHMARK,MOVE_ORDER,21,40000,34572,0,ASK,null,22
BENCHMARK,MOVE_ORDER,75,40000,34155,0,BID,null,38
BENCHMARK,MOVE_ORDER,88,40000,34443,0,ASK,null,5
BENCHMARK,MOVE_ORDER,130,40000,34388,0,ASK,null,16
BENCHMARK,MOVE_ORDER,84,40000,34410,0,ASK,null,16
BENCHMARK,MOVE_ORDER,26,40000,34082,0,BID,null,16
BENCHMARK,MOVE_ORDER,33,40000,34377,0,BID,null,29
BENCHMARK,MOVE_ORDER,39,40000,34386,0,BID,null,29
BENCHMARK,MOVE_ORDER,108,40000,34387,0,BID,null,30
BENCHMARK,CANCEL_ORDER,59,40000,0,0,BID,null,31
BENCHMARK,CANCEL_ORDER,125,40000,0,0,BID,null,4
BENCHMARK,REDUCE_ORDER,36,40000,0,1,ASK,null,35
BENCHMARK,MOVE_ORDER,114,40000,34357,0,BID,null,27
BENCHMARK,MOVE_ORDER,7,40000,34257,0,BID,null,8
BENCHMARK,MOVE_ORDER,40,40000,34366,0,BID,null,9
BENCHMARK,MOVE_ORDER,4,40000,34156,0,BID,null,38
BENCHMARK,PLACE_ORDER,131,40000,34408,1,ASK,GTC,38
BENCHMARK,MOVE_ORDER,23,40000,34543,0,ASK,null,6
BENCHMARK,MOVE_ORDER,2,40000,34144,0,BID,null,2
BENCHMARK,MOVE_ORDER,55,40000,34508,0,ASK,null,5
BENCHMARK,MOVE_ORDER,34,40000,33867,0,BID,null,2
BENCHMARK,MOVE_ORDER,52,40000,34659,0,ASK,null,28
BENCHMARK,CANCEL_ORDER,80,40000,0,0,BID,null,17
BENCHMARK,MOVE_ORDER,40,40000,34367,0,BID,null,9
BENCHMARK,MOVE_ORDER,13,40000,34488,0,ASK,null,34
BENCHMARK,PLACE_ORDER,132,40000,34131,9,BID,GTC,32
BENCHMARK,MOVE_ORDER,10,40000,34959,0,ASK,null,39
BENCHMARK,MOVE_ORDER,63,40000,34434,0,ASK,null,25
BENCHMARK,MOVE_ORDER,112,40000,34070,0,BID,null,16
BENCHMARK,MOVE_ORDER,7,40000,34259,0,BID,null,8
BENCHMARK,MOVE_ORDER,111,40000,34458,0,ASK,null,12
BENCHMARK,MOVE_ORDER,120,40000,34642,0,ASK,null,11
BENCHMARK,MOVE_ORDER,33,40000,34378,0,BID,null,29
BENCHMARK,MOVE_ORDER,124,40000,34287,0,BID,null,4
BENCHMARK,MOVE_ORDER,66,40000,34470,0,ASK,null,16
BENCHMARK,MOVE_ORDER,52,40000,34656,0,ASK,null,28
BENCHMARK,MOVE_ORDER,123,40000,34500,0,ASK,null,36
BENCHMARK,MOVE_ORDER,72,40000,34289,0,BID,null,17
BENCHMARK,MOVE_ORDER,21,40000,34570,0,ASK,null,22
BENCHMARK,MOVE_ORDER,22,40000,34306,0,BID,null,33
BENCHMARK,MOVE_ORDER,114,40000,34358,0,BID,null,27
BENCHMARK,MOVE_ORDER,40,40000,34368,0,BID,null,9
BENCHMARK,REDUCE_ORDER,99,40000,0,1,ASK,null,22
BENCHMARK,MOVE_ORDER,22,40000,34307,0,BID,null,33
BENCHMARK,MOVE_ORDER,117,40000,34282,0,BID,null,43
BENCHMARK,MOVE_ORDER,22,40000,34308,0,BID,null,33
BENCHMARK,MOVE_ORDER,66,40000,34469,0,ASK,null,16
BENCHMARK,MOVE_ORDER,50,40000,34446,0,ASK,null,5
BENCHMARK,MOVE_ORDER,57,40000,34376,0,BID,null,48
BENCHMARK,REDUCE_ORDER,23,40000,0,50,ASK,null,6
BENCHMARK,REDUCE_ORDER,37,40000,0,1,ASK,null,23
BENCHMARK,MOVE_ORDER,16,40000,34359,0,BID,null,14
BENCHMARK,REDUCE_ORDER,40,40000,0,8,BID,null,9
BENCHMARK,PLACE_ORDER,133,40000,34305,5,BID,GTC,3
BENCHMARK,PLACE_ORDER,134,40000,34365,1,BID,GTC,19
BENCHMARK,MOVE_ORDER,5,40000,34161,0,BID,null,50
BENCHMARK,REDUCE_ORDER,110,40000,0,1,BID,null,38
BENCHMARK,REDUCE_ORDER,126,40000,0,16,ASK,null,32
BENCHMARK,MOVE_ORDER,62,40000,34482,0,ASK,null,44
BENCHMARK,MOVE_ORDER,128,40000,34325,0,BID,null,18
BENCHMARK,MOVE_ORDER,49,40000,34544,0,ASK,null,16
BENCHMARK,MOVE_ORDER,49,40000,34542,0,ASK,null,16
BENCHMARK,MOVE_ORDER,6,40000,34388,0,ASK,null,30
BENCHMARK,MOVE_ORDER,119,40000,34471,0,ASK,null,50
BENCHMARK,MOVE_ORDER,21,40000,34568,0,ASK,null,22
BENCHMARK,MOVE_ORDER,117,40000,34284,0,BID,null,43
BENCHMARK,MOVE_ORDER,61,40000,34329,0,BID,null,3
BENCHMARK,CANCEL_ORDER,128,40000,0,0,BID,null,18
BENCHMARK,MOVE_ORDER,39,40000,34385,0,BID,null,29
BENCHMARK,MOVE_ORDER,45,40000,34290,0,BID,null,5
BENCHMARK,MOVE_ORDER,65,40000,33950,0,BID,null,47
BENCHMARK,MOVE_ORDER,73,40000,34680,0,ASK,null,32
BENCHMARK,MOVE_ORDER,13,40000,34486,0,ASK,null,34
BENCHMARK,MOVE_ORDER,133,40000,34306,0,BID,null,3
BENCHMARK,MOVE_ORDER,42,40000,33644,0,BID,null,18
BENCHMARK,MOVE_ORDER,7,40000,34261,0,BID,null,8
BENCHMARK,MOVE_ORDER,74,40000,34488,0,ASK,null,17
BENCHMARK,MOVE_ORDER,113,40000,34367,0,BID,null,16
BENCHMARK,MOVE_ORDER,42,40000,33652,0,BID,null,18
BENCHMARK,MOVE_ORDER,122,40000,34388,0,ASK,null,50
BENCHMARK,MOVE_ORDER,44,40000,34963,0,ASK,null,34
BENCHMARK,REDUCE_ORDER,10,40000,0,2,ASK,null,39
BENCHMARK,MOVE_ORDER,101,40000,34176,0,BID,null,11
BENCHMARK,MOVE_ORDER,38,40000,34604,0,ASK,null,38
BENCHMARK,MOVE_ORDER,66,40000,34468,0,ASK,null,16
BENCHMARK,MOVE_ORDER,92,40000,34380,0,BID,null,33
BENCHMARK,MOVE_ORDER,44,40000,34957,0,ASK,null,34
BENCHMARK,MOVE_ORDER,52,40000,34653,0,ASK,null,28
BENCHMARK,MOVE_ORDER,62,40000,34481,0,ASK,null,44
BENCHMARK,PLACE_ORDER,135,40000,34730,13,ASK,GTC,23
BENCHMARK,MOVE_ORDER,98,40000,34440,0,ASK,null,41
BENCHMARK,REDUCE_ORDER,114,40000,0,16,BID,null,27
BENCHMARK,MOVE_ORDER,121,40000,34389,0,ASK,null,47
BENCHMARK,MOVE_ORDER,47,40000,34409,0,ASK,null,25
BENCHMARK,MOVE_ORDER,116,40000,33436,0,BID,null,33
BENCHMARK,MOVE_ORDER,19,40000,34384,0,BID,null,20
BENCHMARK,MOVE_ORDER,77,40000,34488,0,ASK,null,3
BENCHMARK,MOVE_ORDER,26,40000,34086,0,BID,null,16
BENCHMARK,MOVE_ORDER,49,40000,34540,0,ASK,null,16
BENCHMARK,REDUCE_ORDER,77,40000,0,9,ASK,null,3
BENCHMARK,PLACE_ORDER,136,40000,34352,28,BID,GTC,7
BENCHMARK,MOVE_ORDER,123,40000,34498,0,ASK,null,36
BENCHMARK,MOVE_ORDER,31,40000,34178,0,BID,null,18
BENCHMARK,MOVE_ORDER,79,40000,34562,0,ASK,null,21
BENCHMARK,MOVE_ORDER,120,40000,34639,0,ASK,null,11
BENCHMARK,MOVE_ORDER,92,40000,34381,0,BID,null,33
BENCHMARK,MOVE_ORDER,34,40000,33873,0,BID,null,2
BENCHMARK,MOVE_ORDER,127,40000,34444,0,ASK,null,48
BENCHMARK,MOVE_ORDER,6,40000,34387,0,ASK,null,30
BENCHMARK,PLACE_ORDER,137,40000,34596,1,ASK,GTC,25
BENCHMARK,MOVE_ORDER,41,40000,34656,0,ASK,null,32
BENCHMARK,MOVE_ORDER,61,40000,34330,0,BID,null,3
BENCHMARK,MOVE_ORDER,31,40000,34181,0,BID,null,18
BENCHMARK,MOVE_ORDER,122,40000,34387,0,ASK,null,50
BENCHMARK,MOVE_ORDER,136,40000,34353,0,BID,null,7
BENCHMARK,MOVE_ORDER,82,40000,34461,0,ASK,null,31
BENCHMARK,MOVE_ORDER,94,40000,34125,0,BID,null,15
BENCHMARK,MOVE_ORDER,95,40000,34355,0,BID,null,48
BENCHMARK,MOVE_ORDER,24,40000,34443,0,ASK,null,6
BENCHMARK,MOVE_ORDER,19,40000,34385,0,BID,null,20
BENCHMARK,MOVE_ORDER,67,40000,34591,0,ASK,null,28
BENCHMARK,MOVE_ORDER,113,40000,34368,0,BID,null,16
BENCHMARK,CANCEL_ORDER,39,40000,0,0,BID,null,29
BENCHMARK,REDUCE_ORDER,114,40000,0,4,BID,null,27
BENCHMARK,PLACE_ORDER,138,40000,34381,19,BID,GTC,47
BENCHMARK,MOVE_ORDER,88,40000,34442,0,ASK,null,5
BENCHMARK,PLACE_ORDER,139,40000,34535,21,ASK,GTC,32
BENCHMARK,MOVE_ORDER,35,40000,34448,0,ASK,null,12
BENCHMARK,MOVE_ORDER,56,40000,34067,0,BID,null,21
BENCHMARK,MOVE_ORDER,45,40000,34291,0,BID,null,5
BENCHMARK,REDUCE_ORDER,35,40000,0,19,ASK,null,12
BENCHMARK,REDUCE_ORDER,113,40000,0,1,BID,null,16
BENCHMARK,MOVE_ORDER,23,40000,34541,0,ASK,null,6
BENCHMARK,MOVE_ORDER,126,40000,34461,0,ASK,null,32
BENCHMARK,MOVE_ORDER,12,40000,34044,0,BID,null,26
BENCHMARK,MOVE_ORDER,117,40000,34286,0,BID,null,43
BENCHMARK,PLACE_ORDER,140,40000,34386,1,BID,GTC,12
BENCHMARK,REDUCE_ORDER,89,40000,0,24,BID,null,49
BENCHMARK,MOVE_ORDER,47,40000,34408,0,ASK,null,25
BENCHMARK,MOVE_ORDER,47,40000,34407,0,ASK,null,25
BENCHMARK,CANCEL_ORDER,63,40000,0,0,ASK,null,25
BENCHMARK,MOVE_ORDER,8,40000,34344,0,BID,null,29
BENCHMARK,MOVE_ORDER,84,40000,34409,0,ASK,null,16
BENCHMARK,PLACE_ORDER,141,40000,34191,7,BID,GTC,28
BENCHMARK,MOVE_ORDER,67,40000,34588,0,ASK,null,28
BENCHMARK,CANCEL_ORDER,95,40000,0,0,BID,null,48
BENCHMARK,MOVE_ORDER,79,40000,34560,0,ASK,null,21
BENCHMARK,REDUCE_ORDER,35,40000,0,9,ASK,null,12
BENCHMARK,REDUCE_ORDER,129,40000,0,1,ASK,null,15
BENCHMARK,MOVE_ORDER,15,40000,34291,0,BID,null,21
BENCHMARK,MOVE_ORDER,82,40000,34460,0,ASK,null,31
BENCHMARK,MOVE_ORDER,50,40000,34445,0,ASK,null,5
BENCHMARK,MOVE_ORDER,50,40000,34444,0,ASK,null,5
BENCHMARK,MOVE_ORDER,17,40000,34381,0,BID,null,49
BENCHMARK,MOVE_ORDER,118,40000,33914,0,BID,null,10
BENCHMARK,CANCEL_ORDER,61,40000,0,0,BID,null,3
BENCHMARK,MOVE_ORDER,50,40000,34443,0,ASK,null,5
BENCHMARK,MOVE_ORDER,122,40000,34388,0,ASK,null,50
BENCHMARK,CANCEL_ORDER,8,40000,0,0,BID,null,29
BENCHMARK,MOVE_ORDER,41,40000,34653,0,ASK,null,32
BENCHMARK,MOVE_ORDER,53,40000,34936,0,ASK,null,47
BENCHMARK,MOVE_ORDER,127,40000,34443,0,ASK,null,48
BENCHMARK,MOVE_ORDER,27,40000,34397,0,ASK,null,25
BENCHMARK,MOVE_ORDER,2,40000,34147,0,BID,null,2
BENCHMARK,MOVE_ORDER,50,40000,34442,0,ASK,null,5
BENCHMARK,REDUCE_ORDER,47,40000,0,1,ASK,null,25
BENCHMARK,MOVE_ORDER,48,40000,34393,0,ASK,null,10
BENCHMARK,PLACE_ORDER,142,40000,34391,1,ASK,GTC,7
BENCHMARK,MOVE_ORDER,133,40000,34307,0,BID,null,3
BENCHMARK,CANCEL_ORDER,52,40000,0,0,ASK,null,28
BENCHMARK,MOVE_ORDER,118,40000,33919,0,BID,null,10
BENCHMARK,MOVE_ORDER,65,40000,33955,0,BID,null,47
BENCHMARK,MOVE_ORDER,51,40000,34244,0,BID,null,45
BENCHMARK,MOVE_ORDER,64,40000,34391,0,ASK,null,23
BENCHMARK,CANCEL_ORDER,116,40000,0,0,BID,null,33
BENCHMARK,PLACE_ORDER,143,40000,34295,1,BID,GTC,36
BENCHMARK,MOVE_ORDER,127,40000,34442,0,ASK,null,48
BENCHMARK,MOVE_ORDER,67,40000,34585,0,ASK,null,28
BENCHMARK,PLACE_ORDER,144,40000,34384,19,BID,GTC,38
BENCHMARK,MOVE_ORDER,40,40000,34369,0,BID,null,9
BENCHMARK,PLACE_ORDER,145,40000,35313,46,ASK,GTC,39
BENCHMARK,MOVE_ORDER,17,40000,34382,0,BID,null,49
BENCHMARK,PLACE_ORDER,146,40000,34343,9,BID,GTC,41
BENCHMARK,MOVE_ORDER,48,40000,34392,0,ASK,null,10
BENCHMARK,MOVE_ORDER,57,40000,34377,0,BID,null,48
BENCHMARK,MOVE_ORDER,135,40000,34726,0,ASK,null,23
BENCHMARK,MOVE_ORDER,64,40000,34390,0,ASK,null,23
BENCHMARK,MOVE_ORDER,134,40000,34366,0,BID,null,19
BENCHMARK,PLACE_ORDER,147,40000,34384,19,BID,GTC,47
BENCHMARK,MOVE_ORDER,65,40000,33960,0,BID,null,47
BENCHMARK,MOVE_ORDER,35,40000,34447,0,ASK,null,12
BENCHMARK,MOVE_ORDER,31,40000,34184,0,BID,null,18
BENCHMARK,MOVE_ORDER,13,40000,34485,0,ASK,null,34
BENCHMARK,MOVE_ORDER,111,40000,34457,0,ASK,null,12
BENCHMARK,MOVE_ORDER,131,40000,34407,0,ASK,null,38
BENCHMARK,PLACE_ORDER,148,40000,34509,1,ASK,GTC,2
BENCHMARK,MOVE_ORDER,3,40000,34350,0,BID,null,13
BENCHMARK,MOVE_ORDER,122,40000,34387,0,ASK,null,50
BENCHMARK,MOVE_ORDER,24,40000,34442,0,ASK,null,6
BENCHMARK,MOVE_ORDER,147,40000,34385,0,BID,null,47
BENCHMARK,MOVE_ORDER,140,40000,34387,0,BID,null,12
BENCHMARK,MOVE_ORDER,133,40000,34308,0,BID,null,3
BENCHMARK,REDUCE_ORDER,48,40000,0,1,ASK,null,10
BENCHMARK,CANCEL_ORDER,144,40000,0,0,BID,null,38
BENCHMARK,MOVE_ORDER,126,40000,34460,0,ASK,null,32
BENCHMARK,MOVE_ORDER,64,40000,34389,0,ASK,null,23
BENCHMARK,MOVE_ORDER,38,40000,34601,0,ASK,null,38
BENCHMARK,MOVE_ORDER,21,40000,34566,0,ASK,null,22
BENCHMARK,REDUCE_ORDER,121,40000,0,21,ASK,null,47
BENCHMARK,MOVE_ORDER,6,40000,34386,0,ASK,null,30
BENCHMARK,MOVE_ORDER,79,40000,34558,0,ASK,null,21
BENCHMARK,MOVE_ORDER,146,40000,34344,0,BID,null,41
BENCHMARK,PLACE_ORDER,149,40000,33888,1,BID,GTC,25
BENCHMARK,CANCEL_ORDER,84,40000,0,0,ASK,null,16
BENCHMARK,PLACE_ORDER,150,40000,34353,1,BID,GTC,21
BENCHMARK,MOVE_ORDER,145,40000,35303,0,ASK,null,39
BENCHMARK,MOVE_ORDER,17,40000,34383,0,BID,null,49
BENCHMARK,MOVE_ORDER,35,40000,34446,0,ASK,null,12
BENCHMARK,MOVE_ORDER,70,40000,34173,0,BID,null,46
BENCHMARK,REDUCE_ORDER,17,40000,0,11,BID,null,49
BENCHMARK,MOVE_ORDER,70,40000,34176,0,BID,null,46
BENCHMARK,MOVE_ORDER,6,40000,34387,0,ASK,null,30
BENCHMARK,REDUCE_ORDER,70,40000,0,1,BID,null,46
BENCHMARK,CANCEL_ORDER,33,40000,0,0,BID,null,29
BENCHMARK,CANCEL_ORDER,7,40000,0,0,BID,null,8
BENCHMARK,MOVE_ORDER,53,40000,34930,0,ASK,null,47
BENCHMARK,MOVE_ORDER,41,40000,34650,0,ASK,null,32
BENCHMARK,MOVE_ORDER,34,40000,33879,0,BID,null,2
BENCHMARK,MOVE_ORDER,26,40000,34090,0,BID,null,16
BENCHMARK,PLACE_ORDER,151,40000,34740,3,ASK,GTC,27
BENCHMARK,MOVE_ORDER,56,40000,34071,0,BID,null,21
BENCHMARK,MOVE_ORDER,151,40000,34736,0,ASK,null,27
BENCHMARK,MOVE_ORDER,85,40000,34399,0,ASK,null,46
BENCHMARK,MOVE_ORDER,130,40000,34387,0,ASK,null,16
BENCHMARK,PLACE_ORDER,152,40000,34388,1,ASK,GTC,14
BENCHMARK,MOVE_ORDER,136,40000,34354,0,BID,null,7
BENCHMARK,MOVE_ORDER,62,40000,34480,0,ASK,null,44
BENCHMARK,MOVE_ORDER,40,40000,34370,0,BID,null,9
BENCHMARK,MOVE_ORDER,131,40000,34406,0,ASK,null,38
BENCHMARK,REDUCE_ORDER,57,40000,0,1,BID,null,48
BENCHMARK,PLACE_ORDER,153,40000,34331,17,BID,GTC,6
BENCHMARK,MOVE_ORDER,138,40000,34382,0,BID,null,47
BENCHMARK,MOVE_ORDER,92,40000,34382,0,BID,null,33
BENCHMARK,MOVE_ORDER,73,40000,34677,0,ASK,null,32
BENCHMARK,CANCEL_ORDER,51,40000,0,0,BID,null,45
BENCHMARK,MOVE_ORDER,41,40000,34647,0,ASK,null,32
BENCHMARK,MOVE_ORDER,72,40000,34290,0,BID,null,17
BENCHMARK,REDUCE_ORDER,139,40000,0,19,ASK,null,32
BENCHMARK,MOVE_ORDER,143,40000,34296,0,BID,null,36
BENCHMARK,MOVE_ORDER,82,40000,34459,0,ASK,null,31
BENCHMARK,MOVE_ORDER,41,40000,34644,0,ASK,null,32
BENCHMARK,REDUCE_ORDER,89,40000,0,1,BID,null,49
BENCHMARK,MOVE_ORDER,13,40000,34484,0,ASK,null,34
BENCHMARK,MOVE_ORDER,44,40000,34951,0,ASK,null,34
BENCHMARK,MOVE_ORDER,40,40000,34371,0,BID,null,9
BENCHMARK,MOVE_ORDER,53,40000,34924,0,ASK,null,47
BENCHMARK,REDUCE_ORDER,98,40000,0,10,ASK,null,41
BENCHMARK,MOVE_ORDER,101,40000,34179,0,BID,null,11
BENCHMARK,REDUCE_ORDER,146,40000,0,9,BID,null,41
BENCHMARK,REDUCE_ORDER,145,40000,0,5,ASK,null,39
BENCHMARK,MOVE_ORDER,136,40000,34355,0,BID,null,7
BENCHMARK,PLACE_ORDER,154,40000,34582,21,ASK,GTC,47
BENCHMARK,MOVE_ORDER,12,40000,34048,0,BID,null,26
BENCHMARK,CANCEL_ORDER,127,40000,0,0,ASK,null,48
BENCHMARK,REDUCE_ORDER,131,40000,0,1,ASK,null,38
BENCHMARK,MOVE_ORDER,147,40000,34386,0,BID,null,47
BENCHMARK,MOVE_ORDER,9,40000,34615,0,ASK,null,36
BENCHMARK,MOVE_ORDER,151,40000,34732,0,ASK,null,27
BENCHMARK,MOVE_ORDER,151,40000,34728,0,ASK,null,27
BENCHMARK,MOVE_ORDER,41,40000,34641,0,ASK,null,32
BENCHMARK,MOVE_ORDER,6,40000,34388,0,ASK,null,30
BENCHMARK,MOVE_ORDER,26,40000,34093,0,BID,null,16
BENCHMARK,MOVE_ORDER,151,40000,34724,0,ASK,null,27
BENCHMARK,MOVE_ORDER,147,40000,34387,0,BID,null,47
BENCHMARK,MOVE_ORDER,6,40000,34387,0,ASK,null,30
BENCHMARK,MOVE_ORDER,62,40000,34479,0,ASK,null,44
BENCHMARK,MOVE_ORDER,134,40000,34367,0,BID,null,19
BENCHMARK,MOVE_ORDER,26,40000,34096,0,BID,null,16
BENCHMARK,PLACE_ORDER,155,40000,34125,31,BID,GTC,21
BENCHMARK,MOVE_ORDER,148,40000,34507,0,ASK,null,2
BENCHMARK,CANCEL_ORDER,21,40000,0,0,ASK,null,22
BENCHMARK,MOVE_ORDER,154,40000,34580,0,ASK,null,47
BENCHMARK,MOVE_ORDER,15,40000,34292,0,BID,null,21
BENCHMARK,MOVE_ORDER,137,40000,34593,0,ASK,null,25
BENCHMARK,MOVE_ORDER,66,40000,34467,0,ASK,null,16
BENCHMARK,MOVE_ORDER,22,40000,34309,0,BID,null,33
BENCHMARK,REDUCE_ORDER,74,40000,0,5,ASK,null,17
BENCHMARK,PLACE_ORDER,156,40000,34542,1,ASK,GTC,50
BENCHMARK,CANCEL_ORDER,112,40000,0,0,BID,null,16
BENCHMARK,PLACE_ORDER,157,40000,34378,1,BID,GTC,42
BENCHMARK,MOVE_ORDER,152,40000,34387,0,ASK,null,14
BENCHMARK,PLACE_ORDER,158,40000,34647,13,ASK,GTC,23
BENCHMARK,CANCEL_ORDER,88,40000,0,0,ASK,null,5
BENCHMARK,PLACE_ORDER,159,40000,34375,1,BID,GTC,24
BENCHMARK,PLACE_ORDER,160,40000,34412,61,ASK,GTC,30
BENCHMARK,PLACE_ORDER,161,40000,34954,51,ASK,GTC,43
BENCHMARK,REDUCE_ORDER,50,40000,0,2,ASK,null,5
BENCHMARK,PLACE_ORDER,162,40000,34357,49,BID,GTC,4
BENCHMARK,CANCEL_ORDER,34,40000,0,0,BID,null,2
BENCHMARK,MOVE_ORDER,42,40000,33660,0,BID,null,18
BENCHMARK,MOVE_ORDER,41,40000,34638,0,ASK,null,32
BENCHMARK,MOVE_ORDER,151,40000,34720,0,ASK,null,27
BENCHMARK,MOVE_ORDER,26,40000,34099,0,BID,null,16
BENCHMARK,MOVE_ORDER,119,40000,34470,0,ASK,null,50
BENCHMARK,PLACE_ORDER,163,40000,34401,1,ASK,GTC,29
BENCHMARK,MOVE_ORDER,119,40000,34469,0,ASK,null,50
BENCHMARK,MOVE_ORDER,152,40000,34386,0,ASK,null,14
BENCHMARK,MOVE_ORDER,134,40000,34368,0,BID,null,19
BENCHMARK,MOVE_ORDER,42,40000,33668,0,BID,null,18
BENCHMARK,PLACE_ORDER,164,40000,34340,26,BID,GTC,47
BENCHMARK,MOVE_ORDER,143,40000,34297,0,BID,null,36
BENCHMARK,MOVE_ORDER,27,40000,34396,0,ASK,null,25
BENCHMARK,PLACE_ORDER,165,40000,34456,19,ASK,GTC,9
BENCHMARK,MOVE_ORDER,74,40000,34486,0,ASK,null,17
BENCHMARK,MOVE_ORDER,137,40000,34590,0,ASK,null,25
BENCHMARK,CANCEL_ORDER,117,40000,0,0,BID,null,43
BENCHMARK,MOVE_ORDER,79,40000,34556,0,ASK,null,21
BENCHMARK,PLACE_ORDER,166,40000,34138,1,BID,GTC,22
BENCHMARK,CANCEL_ORDER,134,40000,0,0,BID,null,19
BENCHMARK,MOVE_ORDER,161,40000,34948,0,ASK,null,43
BENCHMARK,MOVE_ORDER,5,40000,34164,0,BID,null,50
BENCHMARK,MOVE_ORDER,165,40000,34455,0,ASK,null,9
BENCHMARK,MOVE_ORDER,64,40000,34388,0,ASK,null,23
BENCHMARK,CANCEL_ORDER,43,40000,0,0,ASK,null,18
BENCHMARK,CANCEL_ORDER,136,40000,0,0,BID,null,7
BENCHMARK,MOVE_ORDER,126,40000,34459,0,ASK,null,32
BENCHMARK,PLACE_ORDER,167,40000,34313,1,BID,GTC,48
BENCHMARK,REDUCE_ORDER,66,40000,0,1,ASK,null,16
BENCHMARK,MOVE_ORDER,74,40000,34485,0,ASK,null,17
BENCHMARK,MOVE_ORDER,10,40000,34953,0,ASK,null,39
BENCHMARK,PLACE_ORDER,168,40000,34382,51,BID,GTC,27
BENCHMARK,MOVE_ORDER,42,40000,33676,0,BID,null,18
BENCHMARK,MOVE_ORDER,17,40000,34384,0,BID,null,49
BENCHMARK,PLACE_ORDER,169,40000,34310,1,BID,GTC,47
BENCHMARK,CANCEL_ORDER,77,40000,0,0,ASK,null,3
BENCHMARK,CANCEL_ORDER,101,40000,0,0,BID,null,11
BENCHMARK,MOVE_ORDER,10,40000,34947,0,ASK,null,39
BENCHMARK,MOVE_ORDER,154,40000,34578,0,ASK,null,47
BENCHMARK,MOVE_ORDER,45,40000,34292,0,BID,null,5
BENCHMARK,PLACE_ORDER,170,40000,34219,1,BID,GTC,23
BENCHMARK,REDUCE_ORDER,132,40000,0,3,BID,null,32
BENCHMARK,PLACE_ORDER,171,40000,34328,13,BID,GTC,13
BENCHMARK,MOVE_ORDER,163,40000,34400,0,ASK,null,29
BENCHMARK,PLACE_ORDER,172,40000,34351,1,BID,GTC,22
BENCHMARK,REDUCE_ORDER,41,40000,0,1,ASK,null,32
BENCHMARK,CANCEL_ORDER,45,40000,0,0,BID,null,5
BENCHMARK,REDUCE_ORDER,10,40000,0,10,ASK,null,39
BENCHMARK,MOVE_ORDER,5,40000,34167,0,BID,null,50
BENCHMARK,MOVE_ORDER,166,40000,34141,0,BID,null,22
BENCHMARK,MOVE_ORDER,9,40000,34612,0,ASK,null,36
BENCHMARK,MOVE_ORDER,19,40000,34386,0,BID,null,20
BENCHMARK,MOVE_ORDER,130,40000,34386,0,ASK,null,16
BENCHMARK,PLACE_ORDER,173,40000,34024,1,BID,GTC,6
BENCHMARK,PLACE_ORDER,174,40000,34638,31,ASK,GTC,29
BENCHMARK,CANCEL_ORDER,62,40000,0,0,ASK,null,44
BENCHMARK,MOVE_ORDER,55,40000,34506,0,ASK,null,5
BENCHMARK,MOVE_ORDER,75,40000,34158,0,BID,null,38
BENCHMARK,MOVE_ORDER,163,40000,34399,0,ASK,null,29
BENCHMARK,PLACE_ORDER,175,40000,34386,1,ASK,GTC,13
BENCHMARK,PLACE_ORDER,176,40000,34404,1,ASK,GTC,36
BENCHMARK,MOVE_ORDER,27,40000,34395,0,ASK,null,25
BENCHMARK,PLACE_ORDER,177,40000,34377,1,BID,GTC,38
BENCHMARK,MOVE_ORDER,27,40000,34394,0,ASK,null,25
BENCHMARK,REDUCE_ORDER,145,40000,0,20,ASK,null,39
BENCHMARK,MOVE_ORDER,143,40000,34298,0,BID,null,36
BENCHMARK,PLACE_ORDER,178,40000,34385,11,BID,GTC,47
BENCHMARK,MOVE_ORDER,176,40000,34403,0,ASK,null,36
BENCHMARK,CANCEL_ORDER,111,40000,0,0,ASK,null,12
BENCHMARK,MOVE_ORDER,165,40000,34454,0,ASK,null,9
BENCHMARK,PLACE_ORDER,179,40000,34451,21,ASK,GTC,28
BENCHMARK,REDUCE_ORDER,22,40000,0,1,BID,null,33
BENCHMARK,MOVE_ORDER,176,40000,34402,0,ASK,null,36
BENCHMARK,MOVE_ORDER,141,40000,34193,0,BID,null,28
BENCHMARK,MOVE_ORDER,156,40000,34540,0,ASK,null,50
BENCHMARK,MOVE_ORDER,35,40000,34445,0,ASK,null,12
BENCHMARK,MOVE_ORDER,126,40000,34458,0,ASK,null,32
BENCHMARK,MOVE_ORDER,13,40000,34483,0,ASK,null,34
BENCHMARK,PLACE_ORDER,180,40000,34371,76,BID,GTC,36
BENCHMARK,MOVE_ORDER,67,40000,34583,0,ASK,null,28
BENCHMARK,CANCEL_ORDER,155,40000,0,0,BID,null,21
BENCHMARK,MOVE_ORDER,171,40000,34329,0,BID,null,13
BENCHMARK,PLACE_ORDER,181,40000,34124,26,BID,GTC,15
BENCHMARK,MOVE_ORDER,38,40000,34598,0,ASK,null,38
BENCHMARK,MOVE_ORDER,169,40000,34311,0,BID,null,47
BENCHMARK,MOVE_ORDER,179,40000,34450,0,ASK,null,28
BENCHMARK,MOVE_ORDER,15,40000,34293,0,BID,null,21
BENCHMARK,MOVE_ORDER,169,40000,34312,0,BID,null,47
BENCHMARK,MOVE_ORDER,174,40000,34635,0,ASK,null,29
BENCHMARK,MOVE_ORDER,49,40000,34538,0,ASK,null,16
BENCHMARK,CANCEL_ORDER,49,40000,0,0,ASK,null,16
BENCHMARK,CANCEL_ORDER,169,40000,0,0,BID,null,47
BENCHMARK,MOVE_ORDER,109,40000,34982,0,ASK,null,3
BENCHMARK,MOVE_ORDER,145,40000,35293,0,ASK,null,39
BENCHMARK,PLACE_ORDER,182,40000,34320,21,BID,GTC,17
BENCHMARK,REDUCE_ORDER,167,40000,0,1,BID,null,48
BENCHMARK,CANCEL_ORDER,82,40000,0,0,ASK,null,31
BENCHMARK,MOVE_ORDER,17,40000,34385,0,BID,null,49
BENCHMARK,MOVE_ORDER,126,40000,34457,0,ASK,null,32
BENCHMARK,MOVE_ORDER,164,40000,34341,0,BID,null,47
BENCHMARK,PLACE_ORDER,183,40000,34387,1,ASK,GTC,28
BENCHMARK,MOVE_ORDER,180,40000,34372,0,BID,null,36
BENCHMARK,MOVE_ORDER,162,40000,34358,0,BID,null,4
BENCHMARK,PLACE_ORDER,184,40000,34395,1,ASK,GTC,32
BENCHMARK,MOVE_ORDER,55,40000,34504,0,ASK,null,5
BENCHMARK,PLACE_ORDER,185,40000,35175,1,ASK,GTC,33
BENCHMARK,CANCEL_ORDER,12,40000,0,0,BID,null,26
BENCHMARK,MOVE_ORDER,114,40000,34359,0,BID,null,27
BENCHMARK,REDUCE_ORDER,176,40000,0,1,ASK,null,36
BENCHMARK,MOVE_ORDER,35,40000,34444,0,ASK,null,12
BENCHMARK,MOVE_ORDER,153,40000,34332,0,BID,null,6
BENCHMARK,MOVE_ORDER,69,40000,34502,0,ASK,null,40
BENCHMARK,MOVE_ORDER,162,40000,34359,0,BID,null,4
BENCHMARK,REDUCE_ORDER,40,40000,0,17,BID,null,9
BENCHMARK,CANCEL_ORDER,166,40000,0,0,BID,null,22
BENCHMARK,MOVE_ORDER,162,40000,34360,0,BID,null,4
BENCHMARK,PLACE_ORDER,186,40000,34337,25,BID,GTC,44
BENCHMARK,MOVE_ORDER,85,40000,34398,0,ASK,null,46
BENCHMARK,MOVE_ORDER,181,40000,34127,0,BID,null,15
BENCHMARK,CANCEL_ORDER,165,40000,0,0,ASK,null,9
BENCHMARK,MOVE_ORDER,133,40000,34309,0,BID,null,3
BENCHMARK,CANCEL_ORDER,10,40000,0,0,ASK,null,39
BENCHMARK,PLACE_ORDER,187,40000,34390,41,ASK,GTC,20
BENCHMARK,PLACE_ORDER,188,40000,33762,13,BID,GTC,16
BENCHMARK,MOVE_ORDER,26,40000,34102,0,BID,null,16
BENCHMARK,MOVE_ORDER,186,40000,34338,0,BID,null,44
BENCHMARK,MOVE_ORDER,24,40000,34441,0,ASK,null,6
BENCHMARK,MOVE_ORDER,159,40000,34376,0,BID,null,24
BENCHMARK,MOVE_ORDER,64,40000,34387,0,ASK,null,23
BENCHMARK,REDUCE_ORDER,160,40000,0,23,ASK,null,30
BENCHMARK,MOVE_ORDER,69,40000,34500,0,ASK,null,40
BENCHMARK,MOVE_ORDER,135,40000,34722,0,ASK,null,23
BENCHMARK,PLACE_ORDER,189,40000,34353,1,BID,GTC,15
BENCHMARK,CANCEL_ORDER,184,40000,0,0,ASK,null,32
BENCHMARK,MOVE_ORDER,161,40000,34942,0,ASK,null,43
BENCHMARK,CANCEL_ORDER,26,40000,0,0,BID,null,16
BENCHMARK,PLACE_ORDER,190,40000,34707,5,ASK,GTC,14
BENCHMARK,MOVE_ORDER,109,40000,34976,0,ASK,null,3
BENCHMARK,MOVE_ORDER,13,40000,34482,0,ASK,null,34
BENCHMARK,MOVE_ORDER,177,40000,34378,0,BID,null,38
BENCHMARK,PLACE_ORDER,191,40000,34383,61,BID,GTC,28
BENCHMARK,MOVE_ORDER,151,40000,34716,0,ASK,null,27
BENCHMARK,REDUCE_ORDER,42,40000,0,32,BID,null,18
BENCHMARK,CANCEL_ORDER,178,40000,0,0,BID,null,47
BENCHMARK,PLACE_ORDER,192,40000,34052,1,BID,GTC,37
BENCHMARK,MOVE_ORDER,133,40000,34310,0,BID,null,3
BENCHMARK,CANCEL_ORDER,192,40000,0,0,BID,null,37
BENCHMARK,MOVE_ORDER,69,40000,34498,0,ASK,null,40
BENCHMARK,MOVE_ORDER,162,40000,34361,0,BID,null,4
BENCHMARK,MOVE_ORDER,6,40000,34386,0,ASK,null,30
BENCHMARK,CANCEL_ORDER,135,40000,0,0,ASK,null,23
BENCHMARK,PLACE_ORDER,193,40000,34332,1,BID,GTC,24
BENCHMARK,MOVE_ORDER,179,40000,34449,0,ASK,null,28
BENCHMARK,PLACE_ORDER,194,40000,34388,6,ASK,GTC,33
BENCHMARK,MOVE_ORDER,17,40000,34386,0,BID,null,49
BENCHMARK,PLACE_ORDER,195,40000,34255,17,BID,GTC,16
BENCHMARK,PLACE_ORDER,196,40000,34409,1,ASK,GTC,29
BENCHMARK,MOVE_ORDER,19,40000,34387,0,BID,null,20
BENCHMARK,MOVE_ORDER,149,40000,33893,0,BID,null,25
BENCHMARK,MOVE_ORDER,182,40000,34321,0,BID,null,17
BENCHMARK,MOVE_ORDER,27,40000,34393,0,ASK,null,25
BENCHMARK,REDUCE_ORDER,143,40000,0,1,BID,null,36
BENCHMARK,CANCEL_ORDER,193,40000,0,0,BID,null,24
BENCHMARK,MOVE_ORDER,187,40000,34389,0,ASK,null,20
BENCHMARK,MOVE_ORDER,67,40000,34581,0,ASK,null,28
BENCHMARK,MOVE_ORDER,145,40000,35283,0,ASK,null,39
BENCHMARK,MOVE_ORDER,4,40000,34159,0,BID,null,38
BENCHMARK,MOVE_ORDER,161,40000,34936,0,ASK,null,43
BENCHMARK,MOVE_ORDER,173,40000,34028,0,BID,null,6
BENCHMARK,CANCEL_ORDER,85,40000,0,0,ASK,null,46
BENCHMARK,CANCEL_ORDER,69,40000,0,0,ASK,null,40
BENCHMARK,REDUCE_ORDER,141,40000,0,6,BID,null,28
BENCHMARK,REDUCE_ORDER,189,40000,0,1,BID,null,15
BENCHMARK,CANCEL_ORDER,50,40000,0,0,ASK,null,5
BENCHMARK,MOVE_ORDER,171,40000,34330,0,BID,null,13
BENCHMARK,MOVE_ORDER,181,40000,34130,0,BID,null,15
BENCHMARK,MOVE_ORDER,162,40000,34362,0,BID,null,4
BENCHMARK,REDUCE_ORDER,22,40000,0,2,BID,null,33
BENCHMARK,MOVE_ORDER,3,40000,34351,0,BID,null,13
BENCHMARK,PLACE_ORDER,197,40000,34145,1,BID,GTC,20
BENCHMARK,MOVE_ORDER,159,40000,34377,0,BID,null,24
BENCHMARK,CANCEL_ORDER,5,40000,0,0,BID,null,50
BENCHMARK,PLACE_ORDER,198,40000,34481,1,ASK,GTC,47
BENCHMARK,MOVE_ORDER,13,40000,34481,0,ASK,null,34
BENCHMARK,REDUCE_ORDER,150,40000,0,1,BID,null,21
BENCHMARK,PLACE_ORDER,199,40000,34940,1,ASK,GTC,1
BENCHMARK,MOVE_ORDER,124,40000,34288,0,BID,null,4
BENCHMARK,MOVE_ORDER,123,40000,34496,0,ASK,null,36
BENCHMARK,MOVE_ORDER,197,40000,34148,0,BID,null,20
BENCHMARK,MOVE_ORDER,149,40000,33898,0,BID,null,25
BENCHMARK,CANCEL_ORDER,182,40000,0,0,BID,null,17
BENCHMARK,MOVE_ORDER,139,40000,34533,0,ASK,null,32
BENCHMARK,MOVE_ORDER,198,40000,34480,0,ASK,null,47
BENCHMARK,CANCEL_ORDER,187,40000,0,0,ASK,null,20
BENCHMARK,MOVE_ORDER,98,40000,34439,0,ASK,null,41
BENCHMARK,MOVE_ORDER,172,40000,34352,0,BID,null,22
BENCHMARK,CANCEL_ORDER,161,40000,0,0,ASK,null,43
BENCHMARK,MOVE_ORDER,153,40000,34333,0,BID,null,6
BENCHMARK,CANCEL_ORDER,13,40000,0,0,ASK,null,34
BENCHMARK,MOVE_ORDER,19,40000,34386,0,BID,null,20
BENCHMARK,MOVE_ORDER,17,40000,34387,0,BID,null,49
BENCHMARK,MOVE_ORDER,154,40000,34576,0,ASK,null,47
BENCHMARK,MOVE_ORDER,139,40000,34531,0,ASK,null,32
BENCHMARK,PLACE_ORDER,200,40000,34386,76,BID,GTC,3
BENCHMARK,PLACE_ORDER,201,40000,34362,1,BID,GTC,47
BENCHMARK,PLACE_ORDER,202,40000,34601,1,ASK,GTC,23
BENCHMARK,REDUCE_ORDER,172,40000,0,1,BID,null,22
BENCHMARK,REDUCE_ORDER,72,40000,0,1,BID,null,17
BENCHMARK,MOVE_ORDER,163,40000,34398,0,ASK,null,29
BENCHMARK,CANCEL_ORDER,15,40000,0,0,BID,null,21
BENCHMARK,MOVE_ORDER,123,40000,34494,0,ASK,null,36
BENCHMARK,MOVE_ORDER,162,40000,34363,0,BID,null,4
BENCHMARK,PLACE_ORDER,203,40000,34388,49,ASK,GTC,35
BENCHMARK,MOVE_ORDER,75,40000,34161,0,BID,null,38
BENCHMARK,MOVE_ORDER,98,40000,34438,0,ASK,null,41
BENCHMARK,PLACE_ORDER,204,40000,34185,31,BID,GTC,6
BENCHMARK,MOVE_ORDER,16,40000,34360,0,BID,null,14
BENCHMARK,MOVE_ORDER,74,40000,34484,0,ASK,null,17
BENCHMARK,PLACE_ORDER,205,40000,34398,1,ASK,GTC,35
BENCHMARK,CANCEL_ORDER,67,40000,0,0,ASK,null,28
BENCHMARK,PLACE_ORDER,206,40000,34583,25,ASK,GTC,33
BENCHMARK,MOVE_ORDER,132,40000,34134,0,BID,null,32
BENCHMARK,MOVE_ORDER,201,40000,34363,0,BID,null,47
BENCHMARK,CANCEL_ORDER,162,40000,0,0,BID,null,4
BENCHMARK,MOVE_ORDER,171,40000,34331,0,BID,null,13
BENCHMARK,MOVE_ORDER,3,40000,34352,0,BID,null,13
BENCHMARK,MOVE_ORDER,31,40000,34187,0,BID,null,18
BENCHMARK,PLACE_ORDER,207,40000,34342,13,BID,GTC,17
BENCHMARK,MOVE_ORDER,114,40000,34360,0,BID,null,27
BENCHMARK,PLACE_ORDER,208,40000,34314,1,BID,GTC,37
BENCHMARK,PLACE_ORDER,209,40000,34287,26,BID,GTC,36
BENCHMARK,CANCEL_ORDER,145,40000,0,0,ASK,null,39
BENCHMARK,CANCEL_ORDER,160,40000,0,0,ASK,null,30
BENCHMARK,MOVE_ORDER,156,40000,34538,0,ASK,null,50
BENCHMARK,MOVE_ORDER,110,40000,34378,0,BID,null,38
BENCHMARK,MOVE_ORDER,191,40000,34384,0,BID,null,28
BENCHMARK,MOVE_ORDER,185,40000,35167,0,ASK,null,33
BENCHMARK,MOVE_ORDER,185,40000,35159,0,ASK,null,33
BENCHMARK,CANCEL_ORDER,19,40000,0,0,BID,null,20
BENCHMARK,MOVE_ORDER,158,40000,34644,0,ASK,null,23
BENCHMARK,REDUCE_ORDER,180,40000,0,66,BID,null,36
BENCHMARK,MOVE_ORDER,2,40000,34150,0,BID,null,2
BENCHMARK,REDUCE_ORDER,197,40000,0,1,BID,null,20
BENCHMARK,PLACE_ORDER,210,40000,34411,1,ASK,GTC,46
BENCHMARK,MOVE_ORDER,163,40000,34397,0,ASK,null,29
BENCHMARK,PLACE_ORDER,211,40000,34314,21,BID,GTC,10
BENCHMARK,MOVE_ORDER,204,40000,34188,0,BID,null,6
BENCHMARK,PLACE_ORDER,212,40000,33787,101,BID,GTC,17
BENCHMARK,PLACE_ORDER,213,40000,34704,17,ASK,GTC,46
BENCHMARK,MOVE_ORDER,56,40000,34075,0,BID,null,21
BENCHMARK,MOVE_ORDER,74,40000,34483,0,ASK,null,17
BENCHMARK,MOVE_ORDER,44,40000,34945,0,ASK,null,34
BENCHMARK,PLACE_ORDER,214,40000,34466,7,ASK,GTC,3
BENCHMARK,MOVE_ORDER,171,40000,34332,0,BID,null,13
BENCHMARK,REDUCE_ORDER,159,40000,0,1,BID,null,24
BENCHMARK,PLACE_ORDER,215,40000,34385,13,BID,GTC,21
BENCHMARK,MOVE_ORDER,164,40000,34342,0,BID,null,47
BENCHMARK,MOVE_ORDER,118,40000,33924,0,BID,null,10
BENCHMARK,MOVE_ORDER,149,40000,33903,0,BID,null,25
BENCHMARK,MOVE_ORDER,124,40000,34289,0,BID,null,4
BENCHMARK,REDUCE_ORDER,119,40000,0,22,ASK,null,50
BENCHMARK,MOVE_ORDER,149,40000,33908,0,BID,null,25
BENCHMARK,REDUCE_ORDER,185,40000,0,1,ASK,null,33
BENCHMARK,REDUCE_ORDER,173,40000,0,1,BID,null,6
BENCHMARK,MOVE_ORDER,92,40000,34383,0,BID,null,33
BENCHMARK,REDUCE_ORDER,199,40000,0,1,ASK,null,1
BENCHMARK,CANCEL_ORDER,27,40000,0,0,ASK,null,25
BENCHMARK,MOVE_ORDER,201,40000,34364,0,BID,null,47
BENCHMARK,MOVE_ORDER,164,40000,34343,0,BID,null,47
BENCHMARK,MOVE_ORDER,56,40000,34079,0,BID,null,21
BENCHMARK,REDUCE_ORDER,153,40000,0,5,BID,null,6
BENCHMARK,MOVE_ORDER,181,40000,34133,0,BID,null,15
BENCHMARK,PLACE_ORDER,216,40000,34381,51,BID,GTC,1
BENCHMARK,MOVE_ORDER,198,40000,34479,0,ASK,null,47
BENCHMARK,MOVE_ORDER,98,40000,34437,0,ASK,null,41
BENCHMARK,MOVE_ORDER,209,40000,34288,0,BID,null,36
BENCHMARK,PLACE_ORDER,217,40000,34793,21,ASK,GTC,36
BENCHMARK,MOVE_ORDER,200,40000,34387,0,BID,null,3
BENCHMARK,MOVE_ORDER,210,40000,34410,0,ASK,null,46
BENCHMARK,MOVE_ORDER,204,40000,34190,0,BID,null,6
BENCHMARK,PLACE_ORDER,218,40000,34639,17,ASK,GTC,25
BENCHMARK,REDUCE_ORDER,163,40000,0,1,ASK,null,29
BENCHMARK,MOVE_ORDER,38,40000,34595,0,ASK,null,38
BENCHMARK,REDUCE_ORDER,17,40000,0,21,BID,null,49
BENCHMARK,PLACE_ORDER,219,40000,34449,4,ASK,GTC,16
BENCHMARK,MOVE_ORDER,35,40000,34443,0,ASK,null,12
BENCHMARK,MOVE_ORDER,170,40000,34221,0,BID,null,23
BENCHMARK,MOVE_ORDER,191,40000,34385,0,BID,null,28
BENCHMARK,PLACE_ORDER,220,40000,34330,1,BID,GTC,25
BENCHMARK,PLACE_ORDER,221,40000,34319,61,BID,GTC,1
BENCHMARK,PLACE_ORDER,222,40000,34352,1,BID,GTC,43
BENCHMARK,MOVE_ORDER,35,40000,34442,0,ASK,null,12
BENCHMARK,REDUCE_ORDER,154,40000,0,10,ASK,null,47
BENCHMARK,PLACE_ORDER,223,40000,34241,11,BID,GTC,17
BENCHMARK,PLACE_ORDER,224,40000,34188,1,BID,GTC,1
BENCHMARK,MOVE_ORDER,151,40000,34712,0,ASK,null,27
BENCHMARK,PLACE_ORDER,225,40000,34378,81,BID,GTC,47
BENCHMARK,MOVE_ORDER,225,40000,34379,0,BID,null,47
BENCHMARK,MOVE_ORDER,132,40000,34137,0,BID,null,32
BENCHMARK,PLACE_ORDER,226,40000,34208,76,BID,GTC,24
BENCHMARK,MOVE_ORDER,224,40000,34190,0,BID,null,1
BENCHMARK,PLACE_ORDER,227,40000,34434,1,ASK,GTC,38
BENCHMARK,PLACE_ORDER,228,40000,34496,5,ASK,GTC,28
BENCHMARK,MOVE_ORDER,200,40000,34388,0,BID,null,3
BENCHMARK,PLACE_ORDER,229,40000,34491,1,ASK,GTC,23
BENCHMARK,MOVE_ORDER,151,40000,34708,0,ASK,null,27
BENCHMARK,REDUCE_ORDER,206,40000,0,8,ASK,null,33
BENCHMARK,MOVE_ORDER,214,40000,34465,0,ASK,null,3
BENCHMARK,MOVE_ORDER,228,40000,34494,0,ASK,null,28
BENCHMARK,MOVE_ORDER,198,40000,34478,0,ASK,null,47
BENCHMARK,MOVE_ORDER,35,40000,34441,0,ASK,null,12
BENCHMARK,REDUCE_ORDER,23,40000,0,3,ASK,null,6
BENCHMARK,MOVE_ORDER,224,40000,34192,0,BID,null,1
BENCHMARK,MOVE_ORDER,180,40000,34373,0,BID,null,36
BENCHMARK,MOVE_ORDER,227,40000,34433,0,ASK,null,38
BENCHMARK,MOVE_ORDER,208,40000,34315,0,BID,null,37
BENCHMARK,MOVE_ORDER,56,40000,34083,0,BID,null,21
BENCHMARK,CANCEL_ORDER,191,40000,0,0,BID,null,28
BENCHMARK,MOVE_ORDER,158,40000,34641,0,ASK,null,23
BENCHMARK,REDUCE_ORDER,208,40000,0,1,BID,null,37
BENCHMARK,PLACE_ORDER,230,40000,25795,17,ASK,IOC,26
BENCHMARK,MOVE_ORDER,216,40000,34382,0,BID,null,1
BENCHMARK,MOVE_ORDER,138,40000,34383,0,BID,null,47
BENCHMARK,CANCEL_ORDER,55,40000,0,0,ASK,null,5
BENCHMARK,MOVE_ORDER,137,40000,34587,0,ASK,null,25
BENCHMARK,MOVE_ORDER,168,40000,34383,0,BID,null,27
BENCHMARK,MOVE_ORDER,205,40000,34397,0,ASK,null,35
BENCHMARK,CANCEL_ORDER,215,40000,0,0,BID,null,21
BENCHMARK,MOVE_ORDER,196,40000,34408,0,ASK,null,29
BENCHMARK,MOVE_ORDER,4,40000,34162,0,BID,null,38
BENCHMARK,PLACE_ORDER,231,40000,34383,3,BID,GTC,47
BENCHMARK,MOVE_ORDER,156,40000,34536,0,ASK,null,50
BENCHMARK,MOVE_ORDER,2,40000,34153,0,BID,null,2
BENCHMARK,MOVE_ORDER,133,40000,34311,0,BID,null,3
BENCHMARK,CANCEL_ORDER,114,40000,0,0,BID,null,27
BENCHMARK,MOVE_ORDER,132,40000,34140,0,BID,null,32
BENCHMARK,MOVE_ORDER,119,40000,34468,0,ASK,null,50
BENCHMARK,MOVE_ORDER,225,40000,34380,0,BID,null,47
BENCHMARK,MOVE_ORDER,109,40000,34970,0,ASK,null,3
BENCHMARK,MOVE_ORDER,156,40000,34534,0,ASK,null,50
BENCHMARK,CANCEL_ORDER,211,40000,0,0,BID,null,10
BENCHMARK,MOVE_ORDER,74,40000,34482,0,ASK,null,17
BENCHMARK,CANCEL_ORDER,119,40000,0,0,ASK,null,50
BENCHMARK,MOVE_ORDER,218,40000,34636,0,ASK,null,25
BENCHMARK,REDUCE_ORDER,186,40000,0,8,BID,null,44
BENCHMARK,REDUCE_ORDER,213,40000,0,4,ASK,null,46
BENCHMARK,MOVE_ORDER,124,40000,34290,0,BID,null,4
BENCHMARK,MOVE_ORDER,228,40000,34492,0,ASK,null,28
BENCHMARK,CANCEL_ORDER,168,40000,0,0,BID,null,27
BENCHMARK,MOVE_ORDER,73,40000,34674,0,ASK,null,32
BENCHMARK,PLACE_ORDER,232,40000,34561,33,ASK,GTC,8
BENCHMARK,MOVE_ORDER,225,40000,34381,0,BID,null,47
BENCHMARK,PLACE_ORDER,233,40000,34507,1,ASK,GTC,5
BENCHMARK,MOVE_ORDER,186,40000,34339,0,BID,null,44
BENCHMARK,MOVE_ORDER,224,40000,34194,0,BID,null,1
BENCHMARK,MOVE_ORDER,83,40000,34669,0,ASK,null,34
BENCHMARK,PLACE_ORDER,234,40000,25795,1,ASK,IOC,25
BENCHMARK,MOVE_ORDER,226,40000,34210,0,BID,null,24
BENCHMARK,MOVE_ORDER,53,40000,34918,0,ASK,null,47
BENCHMARK,MOVE_ORDER,229,40000,34489,0,ASK,null,23
BENCHMARK,MOVE_ORDER,226,40000,34212,0,BID,null,24
BENCHMARK,MOVE_ORDER,217,40000,34788,0,ASK,null,36
BENCHMARK,MOVE_ORDER,148,40000,34505,0,ASK,null,2
BENCHMARK,MOVE_ORDER,83,40000,34666,0,ASK,null,34
BENCHMARK,MOVE_ORDER,171,40000,34333,0,BID,null,13
BENCHMARK,MOVE_ORDER,42,40000,33684,0,BID,null,18
BENCHMARK,MOVE_ORDER,164,40000,34344,0,BID,null,47
BENCHMARK,MOVE_ORDER,204,40000,34192,0,BID,null,6
BENCHMARK,MOVE_ORDER,16,40000,34361,0,BID,null,14
BENCHMARK,REDUCE_ORDER,229,40000,0,1,ASK,null,23
BENCHMARK,MOVE_ORDER,196,40000,34407,0,ASK,null,29
BENCHMARK,MOVE_ORDER,94,40000,34128,0,BID,null,15
BENCHMARK,MOVE_ORDER,225,40000,34382,0,BID,null,47
BENCHMARK,CANCEL_ORDER,156,40000,0,0,ASK,null,50
BENCHMARK,MOVE_ORDER,126,40000,34456,0,ASK,null,32
BENCHMARK,MOVE_ORDER,42,40000,33692,0,BID,null,18
BENCHMARK,PLACE_ORDER,235,40000,34347,1,BID,GTC,14
BENCHMARK,MOVE_ORDER,154,40000,34574,0,ASK,null,47
BENCHMARK,MOVE_ORDER,31,40000,34190,0,BID,null,18
BENCHMARK,MOVE_ORDER,218,40000,34633,0,ASK,null,25
BENCHMARK,MOVE_ORDER,164,40000,34345,0,BID,null,47
BENCHMARK,MOVE_ORDER,157,40000,34379,0,BID,null,42
BENCHMARK,MOVE_ORDER,209,40000,34289,0,BID,null,36
BENCHMARK,MOVE_ORDER,206,40000,34581,0,ASK,null,33
BENCHMARK,MOVE_ORDER,154,40000,34572,0,ASK,null,47
BENCHMARK,MOVE_ORDER,56,40000,34087,0,BID,null,21
BENCHMARK,CANCEL_ORDER,231,40000,0,0,BID,null,47
BENCHMARK,MOVE_ORDER,141,40000,34195,0,BID,null,28
BENCHMARK,MOVE_ORDER,180,40000,34374,0,BID,null,36
BENCHMARK,MOVE_ORDER,221,40000,34320,0,BID,null,1
BENCHMARK,MOVE_ORDER,221,40000,34321,0,BID,null,1
BENCHMARK,MOVE_ORDER,190,40000,34703,0,ASK,null,14
BENCHMARK,MOVE_ORDER,190,40000,34699,0,ASK,null,14
BENCHMARK,REDUCE_ORDER,158,40000,0,6,ASK,null,23
BENCHMARK,MOVE_ORDER,218,40000,34630,0,ASK,null,25
BENCHMARK,MOVE_ORDER,212,40000,33794,0,BID,null,17
BENCHMARK,MOVE_ORDER,198,40000,34477,0,ASK,null,47
BENCHMARK,MOVE_ORDER,181,40000,34136,0,BID,null,15
BENCHMARK,MOVE_ORDER,212,40000,33800,0,BID,null,17
BENCHMARK,MOVE_ORDER,94,40000,34131,0,BID,null,15
BENCHMARK,MOVE_ORDER,142,40000,34390,0,ASK,null,7
BENCHMARK,MOVE_ORDER,151,40000,34704,0,ASK,null,27
BENCHMARK,MOVE_ORDER,225,40000,34383,0,BID,null,47
BENCHMARK,MOVE_ORDER,149,40000,33913,0,BID,null,25
BENCHMARK,MOVE_ORDER,118,40000,33929,0,BID,null,10
BENCHMARK,MOVE_ORDER,201,40000,34365,0,BID,null,47
BENCHMARK,MOVE_ORDER,56,40000,34091,0,BID,null,21
BENCHMARK,PLACE_ORDER,236,40000,34530,1,ASK,GTC,49
BENCHMARK,MOVE_ORDER,109,40000,34964,0,ASK,null,3
BENCHMARK,MOVE_ORDER,83,40000,34663,0,ASK,null,34
BENCHMARK,REDUCE_ORDER,212,40000,0,26,BID,null,17
BENCHMARK,MOVE_ORDER,171,40000,34334,0,BID,null,13
BENCHMARK,MOVE_ORDER,92,40000,34384,0,BID,null,33
BENCHMARK,PLACE_ORDER,237,40000,34618,1,ASK,GTC,49
BENCHMARK,MOVE_ORDER,186,40000,34340,0,BID,null,44
BENCHMARK,MOVE_ORDER,179,40000,34448,0,ASK,null,28
BENCHMARK,MOVE_ORDER,226,40000,34214,0,BID,null,24
BENCHMARK,MOVE_ORDER,206,40000,34579,0,ASK,null,33
BENCHMARK,PLACE_ORDER,238,40000,34639,61,ASK,GTC,2
BENCHMARK,MOVE_ORDER,207,40000,34343,0,BID,null,17
BENCHMARK,CANCEL_ORDER,151,40000,0,0,ASK,null,27
BENCHMARK,MOVE_ORDER,126,40000,34455,0,ASK,null,32
BENCHMARK,MOVE_ORDER,212,40000,33806,0,BID,null,17
BENCHMARK,REDUCE_ORDER,223,40000,0,6,BID,null,17
BENCHMARK,MOVE_ORDER,225,40000,34384,0,BID,null,47
BENCHMARK,PLACE_ORDER,239,40000,35339,1,ASK,GTC,9
BENCHMARK,PLACE_ORDER,240,40000,34373,1,BID,GTC,4
BENCHMARK,MOVE_ORDER,38,40000,34592,0,ASK,null,38
BENCHMARK,PLACE_ORDER,241,40000,34500,25,ASK,GTC,42
BENCHMARK,MOVE_ORDER,132,40000,34143,0,BID,null,32
BENCHMARK,REDUCE_ORDER,3,40000,0,2,BID,null,13
BENCHMARK,MOVE_ORDER,225,40000,34385,0,BID,null,47
BENCHMARK,MOVE_ORDER,204,40000,34194,0,BID,null,6
BENCHMARK,MOVE_ORDER,65,40000,33965,0,BID,null,47
BENCHMARK,MOVE_ORDER,198,40000,34476,0,ASK,null,47
BENCHMARK,MOVE_ORDER,74,40000,34481,0,ASK,null,17
BENCHMARK,PLACE_ORDER,242,40000,34092,1,BID,GTC,40
BENCHMARK,REDUCE_ORDER,83,40000,0,1,ASK,null,34
BENCHMARK,CANCEL_ORDER,207,40000,0,0,BID,null,17
BENCHMARK,MOVE_ORDER,198,40000,34475,0,ASK,null,47
BENCHMARK,PLACE_ORDER,243,40000,34317,1,BID,GTC,46
BENCHMARK,CANCEL_ORDER,133,40000,0,0,BID,null,3
BENCHMARK,PLACE_ORDER,244,40000,34399,1,ASK,GTC,2
BENCHMARK,MOVE_ORDER,188,40000,33769,0,BID,null,16
BENCHMARK,MOVE_ORDER,225,40000,34386,0,BID,null,47
BENCHMARK,CANCEL_ORDER,241,40000,0,0,ASK,null,42
BENCHMARK,MOVE_ORDER,226,40000,34216,0,BID,null,24
BENCHMARK,MOVE_ORDER,44,40000,34939,0,ASK,null,34
BENCHMARK,MOVE_ORDER,237,40000,34615,0,ASK,null,49
BENCHMARK,REDUCE_ORDER,237,40000,0,1,ASK,null,49
BENCHMARK,MOVE_ORDER,209,40000,34290,0,BID,null,36
BENCHMARK,PLACE_ORDER,245,40000,34182,1,BID,GTC,22
BENCHMARK,PLACE_ORDER,246,40000,34300,1,BID,GTC,27
BENCHMARK,MOVE_ORDER,226,40000,34218,0,BID,null,24
BENCHMARK,MOVE_ORDER,239,40000,35329,0,ASK,null,9
BENCHMARK,REDUCE_ORDER,220,40000,0,1,BID,null,25
BENCHMARK,MOVE_ORDER,157,40000,34380,0,BID,null,42
BENCHMARK,PLACE_ORDER,247,40000,34326,1,BID,GTC,30
BENCHMARK,PLACE_ORDER,248,40000,34442,1,ASK,GTC,15
BENCHMARK,MOVE_ORDER,42,40000,33699,0,BID,null,18
BENCHMARK,PLACE_ORDER,249,40000,34445,1,ASK,GTC,5
BENCHMARK,REDUCE_ORDER,247,40000,0,1,BID,null,30
BENCHMARK,MOVE_ORDER,243,40000,34318,0,BID,null,46
BENCHMARK,PLACE_ORDER,250,40000,34403,9,ASK,GTC,47
BENCHMARK,MOVE_ORDER,79,40000,34554,0,ASK,null,21
BENCHMARK,MOVE_ORDER,92,40000,34385,0,BID,null,33
BENCHMARK,MOVE_ORDER,236,40000,34528,0,ASK,null,49
BENCHMARK,CANCEL_ORDER,216,40000,0,0,BID,null,1
BENCHMARK,MOVE_ORDER,31,40000,34192,0,BID,null,18
BENCHMARK,MOVE_ORDER,213,40000,34700,0,ASK,null,46
BENCHMARK,MOVE_ORDER,118,40000,33934,0,BID,null,10
BENCHMARK,MOVE_ORDER,238,40000,34636,0,ASK,null,2
BENCHMARK,CANCEL_ORDER,186,40000,0,0,BID,null,44
BENCHMARK,PLACE_ORDER,251,40000,34533,1,ASK,GTC,26
BENCHMARK,MOVE_ORDER,250,40000,34402,0,ASK,null,47
BENCHMARK,MOVE_ORDER,227,40000,34432,0,ASK,null,38
BENCHMARK,PLACE_ORDER,252,40000,34201,13,BID,GTC,16
BENCHMARK,MOVE_ORDER,214,40000,34464,0,ASK,null,3
BENCHMARK,CANCEL_ORDER,31,40000,0,0,BID,null,18
BENCHMARK,MOVE_ORDER,217,40000,34784,0,ASK,null,36
BENCHMARK,MOVE_ORDER,180,40000,34375,0,BID,null,36
BENCHMARK,MOVE_ORDER,73,40000,34671,0,ASK,null,32
BENCHMARK,MOVE_ORDER,205,40000,34396,0,ASK,null,35
BENCHMARK,CANCEL_ORDER,223,40000,0,0,BID,null,17
BENCHMARK,REDUCE_ORDER,177,40000,0,1,BID,null,38
BENCHMARK,MOVE_ORDER,73,40000,34668,0,ASK,null,32
BENCHMARK,MOVE_ORDER,110,40000,34379,0,BID,null,38
BENCHMARK,REDUCE_ORDER,244,40000,0,1,ASK,null,2
BENCHMARK,MOVE_ORDER,212,40000,33812,0,BID,null,17
BENCHMARK,MOVE_ORDER,75,40000,34164,0,BID,null,38
BENCHMARK,MOVE_ORDER,245,40000,34185,0,BID,null,22
BENCHMARK,MOVE_ORDER,73,40000,34665,0,ASK,null,32
BENCHMARK,MOVE_ORDER,233,40000,34505,0,ASK,null,5
BENCHMARK,REDUCE_ORDER,226,40000,0,59,BID,null,24
BENCHMARK,MOVE_ORDER,44,40000,34933,0,ASK,null,34
BENCHMARK,MOVE_ORDER,226,40000,34220,0,BID,null,24
BENCHMARK,CANCEL_ORDER,16,40000,0,0,BID,null,14
BENCHMARK,MOVE_ORDER,2,40000,34156,0,BID,null,2
